image,class,subset
image/1.jpeg,head_lamp,T
image/2.jpeg,door_scratch,T
image/3.jpeg,head_lamp,T
image/6.jpeg,glass_shatter,T
image/8.jpeg,tail_lamp,T
image/9.jpeg,bumper_dent,T
image/10.jpeg,door_scratch,T
image/11.jpeg,bumper_dent,T
image/12.jpeg,door_dent,T
image/13.jpeg,door_dent,T
image/14.jpeg,glass_shatter,T
image/16.jpeg,head_lamp,T
image/17.jpeg,bumper_dent,T
image/18.jpeg,glass_shatter,T
image/20.jpeg,door_dent,T
image/21.jpeg,head_lamp,T
image/22.jpeg,door_dent,T
image/23.jpeg,tail_lamp,T
image/24.jpeg,door_dent,T
image/26.jpeg,glass_shatter,T
image/27.jpeg,bumper_scratch,T
image/29.jpeg,door_scratch,T
image/30.jpeg,tail_lamp,T
image/32.jpeg,door_scratch,T
image/34.jpeg,tail_lamp,T
image/36.jpeg,head_lamp,T
image/39.jpeg,door_dent,T
image/41.jpeg,bumper_dent,T
image/42.jpeg,door_scratch,T
image/44.jpeg,door_scratch,T
image/45.jpeg,door_dent,T
image/46.jpeg,bumper_dent,T
image/47.jpeg,glass_shatter,T
image/49.jpeg,bumper_dent,T
image/50.jpeg,door_dent,T
image/51.jpeg,door_scratch,T
image/52.jpeg,tail_lamp,T
image/55.jpeg,door_dent,T
image/56.jpeg,bumper_scratch,T
image/58.jpeg,door_dent,T
image/60.jpeg,door_dent,T
image/63.jpeg,door_scratch,T
image/64.jpeg,tail_lamp,T
image/65.jpeg,tail_lamp,T
image/66.jpeg,glass_shatter,T
image/67.jpeg,glass_shatter,T
image/68.jpeg,glass_shatter,T
image/70.jpeg,door_dent,T
image/72.jpeg,head_lamp,T
image/77.jpeg,glass_shatter,T
image/78.jpeg,door_dent,T
image/83.jpeg,bumper_dent,T
image/85.jpeg,glass_shatter,T
image/86.jpeg,bumper_dent,T
image/87.jpeg,bumper_dent,T
image/88.jpeg,door_dent,T
image/89.jpeg,door_scratch,T
image/90.jpeg,bumper_scratch,T
image/92.jpeg,bumper_dent,T
image/93.jpeg,door_dent,T
image/95.jpeg,tail_lamp,T
image/97.jpeg,head_lamp,T
image/98.jpeg,door_scratch,T
image/100.jpeg,door_dent,T
image/102.jpeg,bumper_scratch,T
image/103.jpeg,bumper_dent,T
image/105.jpeg,door_scratch,T
image/106.jpeg,door_scratch,T
image/108.jpeg,glass_shatter,T
image/109.jpeg,glass_shatter,T
image/110.jpeg,bumper_dent,T
image/111.jpeg,bumper_dent,T
image/112.jpeg,door_scratch,T
image/115.jpeg,door_scratch,T
image/117.jpeg,head_lamp,T
image/121.jpeg,tail_lamp,T
image/122.jpeg,door_dent,T
image/124.jpeg,door_scratch,T
image/125.jpeg,door_scratch,T
image/129.jpeg,tail_lamp,T
image/133.jpeg,bumper_dent,T
image/135.jpeg,door_scratch,T
image/136.jpeg,door_dent,T
image/137.jpeg,bumper_scratch,T
image/139.jpeg,door_scratch,T
image/140.jpeg,bumper_scratch,T
image/141.jpeg,glass_shatter,T
image/143.jpeg,head_lamp,T
image/144.jpeg,head_lamp,T
image/145.jpeg,door_dent,T
image/146.jpeg,door_scratch,T
image/147.jpeg,door_scratch,T
image/148.jpeg,tail_lamp,T
image/150.jpeg,head_lamp,T
image/151.jpeg,door_dent,T
image/152.jpeg,glass_shatter,T
image/153.jpeg,bumper_dent,T
image/156.jpeg,glass_shatter,T
image/158.jpeg,door_dent,T
image/159.jpeg,bumper_dent,T
image/161.jpeg,tail_lamp,T
image/163.jpeg,head_lamp,T
image/164.jpeg,bumper_dent,T
image/165.jpeg,glass_shatter,T
image/166.jpeg,door_dent,T
image/169.jpeg,door_scratch,T
image/171.jpeg,tail_lamp,T
image/172.jpeg,bumper_scratch,T
image/173.jpeg,door_scratch,T
image/174.jpeg,door_scratch,T
image/175.jpeg,bumper_scratch,T
image/178.jpeg,glass_shatter,T
image/179.jpeg,tail_lamp,T
image/181.jpeg,door_scratch,T
image/183.jpeg,bumper_dent,T
image/184.jpeg,tail_lamp,T
image/185.jpeg,glass_shatter,T
image/186.jpeg,head_lamp,T
image/187.jpeg,glass_shatter,T
image/188.jpeg,door_scratch,T
image/189.jpeg,tail_lamp,T
image/192.jpeg,door_dent,T
image/193.jpeg,door_dent,T
image/194.jpeg,door_dent,T
image/195.jpeg,glass_shatter,T
image/196.jpeg,glass_shatter,T
image/197.jpeg,door_scratch,T
image/200.jpeg,door_dent,T
image/201.jpeg,door_dent,T
image/202.jpeg,tail_lamp,T
image/203.jpeg,door_dent,T
image/204.jpeg,door_dent,T
image/206.jpeg,head_lamp,T
image/207.jpeg,bumper_scratch,T
image/208.jpeg,tail_lamp,T
image/209.jpeg,bumper_dent,T
image/210.jpeg,glass_shatter,T
image/212.jpeg,head_lamp,T
image/213.jpeg,door_dent,T
image/214.jpeg,bumper_dent,T
image/217.jpeg,door_dent,T
image/218.jpeg,door_scratch,T
image/219.jpeg,door_scratch,T
image/220.jpeg,glass_shatter,T
image/221.jpeg,head_lamp,T
image/222.jpeg,bumper_dent,T
image/223.jpeg,bumper_scratch,T
image/226.jpeg,glass_shatter,T
image/232.jpeg,bumper_scratch,T
image/233.jpeg,door_dent,T
image/234.jpeg,bumper_dent,T
image/235.jpeg,door_scratch,T
image/236.jpeg,tail_lamp,T
image/237.jpeg,glass_shatter,T
image/239.jpeg,door_dent,T
image/244.jpeg,bumper_scratch,T
image/245.jpeg,glass_shatter,T
image/247.jpeg,tail_lamp,T
image/248.jpeg,bumper_dent,T
image/249.jpeg,tail_lamp,T
image/253.jpeg,glass_shatter,T
image/256.jpeg,glass_shatter,T
image/259.jpeg,door_dent,T
image/260.jpeg,bumper_scratch,T
image/261.jpeg,door_dent,T
image/263.jpeg,bumper_scratch,T
image/266.jpeg,head_lamp,T
image/267.jpeg,bumper_scratch,T
image/274.jpeg,tail_lamp,T
image/275.jpeg,head_lamp,T
image/276.jpeg,door_scratch,T
image/277.jpeg,door_dent,T
image/279.jpeg,head_lamp,T
image/280.jpeg,door_dent,T
image/281.jpeg,door_dent,T
image/282.jpeg,head_lamp,T
image/283.jpeg,head_lamp,T
image/284.jpeg,glass_shatter,T
image/285.jpeg,tail_lamp,T
image/286.jpeg,glass_shatter,T
image/288.jpeg,bumper_dent,T
image/289.jpeg,door_scratch,T
image/290.jpeg,glass_shatter,T
image/292.jpeg,bumper_scratch,T
image/295.jpeg,bumper_scratch,T
image/296.jpeg,bumper_scratch,T
image/299.jpeg,tail_lamp,T
image/301.jpeg,door_dent,T
image/302.jpeg,door_dent,T
image/303.jpeg,door_dent,T
image/304.jpeg,door_scratch,T
image/305.jpeg,glass_shatter,T
image/306.jpeg,bumper_scratch,T
image/307.jpeg,bumper_dent,T
image/308.jpeg,bumper_dent,T
image/310.jpeg,tail_lamp,T
image/311.jpeg,door_scratch,T
image/314.jpeg,head_lamp,T
image/316.jpeg,door_dent,T
image/317.jpeg,door_scratch,T
image/318.jpeg,head_lamp,T
image/319.jpeg,tail_lamp,T
image/320.jpeg,door_dent,T
image/321.jpeg,head_lamp,T
image/323.jpeg,door_dent,T
image/324.jpeg,bumper_dent,T
image/325.jpeg,tail_lamp,T
image/327.jpeg,bumper_scratch,T
image/329.jpeg,door_scratch,T
image/332.jpeg,door_dent,T
image/334.jpeg,door_dent,T
image/335.jpeg,head_lamp,T
image/338.jpeg,door_scratch,T
image/340.jpeg,bumper_scratch,T
image/341.jpeg,door_scratch,T
image/346.jpeg,bumper_dent,T
image/347.jpeg,door_scratch,T
image/350.jpeg,glass_shatter,T
image/351.jpeg,head_lamp,T
image/353.jpeg,head_lamp,T
image/354.jpeg,door_dent,T
image/358.jpeg,door_dent,T
image/359.jpeg,bumper_dent,T
image/360.jpeg,door_dent,T
image/361.jpeg,bumper_dent,T
image/363.jpeg,glass_shatter,T
image/364.jpeg,head_lamp,T
image/367.jpeg,bumper_dent,T
image/368.jpeg,bumper_dent,T
image/369.jpeg,bumper_dent,T
image/372.jpeg,head_lamp,T
image/373.jpeg,glass_shatter,T
image/374.jpeg,head_lamp,T
image/375.jpeg,door_scratch,T
image/376.jpeg,head_lamp,T
image/377.jpeg,glass_shatter,T
image/378.jpeg,glass_shatter,T
image/379.jpeg,head_lamp,T
image/385.jpeg,glass_shatter,T
image/386.jpeg,head_lamp,T
image/387.jpeg,tail_lamp,T
image/388.jpeg,head_lamp,T
image/389.jpeg,bumper_dent,T
image/390.jpeg,door_scratch,T
image/392.jpeg,bumper_dent,T
image/393.jpeg,bumper_scratch,T
image/396.jpeg,door_dent,T
image/397.jpeg,bumper_dent,T
image/401.jpeg,head_lamp,T
image/406.jpeg,glass_shatter,T
image/407.jpeg,door_dent,T
image/408.jpeg,tail_lamp,T
image/409.jpeg,door_scratch,T
image/410.jpeg,bumper_scratch,T
image/411.jpeg,glass_shatter,T
image/413.jpeg,bumper_dent,T
image/414.jpeg,bumper_scratch,T
image/415.jpeg,door_dent,T
image/417.jpeg,door_dent,T
image/418.jpeg,door_dent,T
image/419.jpeg,bumper_dent,T
image/420.jpeg,door_dent,T
image/421.jpeg,door_dent,T
image/422.jpeg,tail_lamp,T
image/424.jpeg,tail_lamp,T
image/425.jpeg,glass_shatter,T
image/426.jpeg,door_scratch,T
image/427.jpeg,glass_shatter,T
image/429.jpeg,door_scratch,T
image/431.jpeg,glass_shatter,T
image/434.jpeg,head_lamp,T
image/435.jpeg,glass_shatter,T
image/436.jpeg,bumper_scratch,T
image/437.jpeg,door_scratch,T
image/438.jpeg,tail_lamp,T
image/439.jpeg,bumper_scratch,T
image/441.jpeg,door_scratch,T
image/444.jpeg,bumper_dent,T
image/445.jpeg,head_lamp,T
image/446.jpeg,door_dent,T
image/448.jpeg,door_dent,T
image/449.jpeg,bumper_dent,T
image/450.jpeg,door_dent,T
image/453.jpeg,tail_lamp,T
image/454.jpeg,glass_shatter,T
image/455.jpeg,head_lamp,T
image/456.jpeg,door_dent,T
image/457.jpeg,head_lamp,T
image/458.jpeg,door_dent,T
image/459.jpeg,head_lamp,T
image/460.jpeg,head_lamp,T
image/461.jpeg,door_dent,T
image/462.jpeg,door_dent,T
image/463.jpeg,door_scratch,T
image/464.jpeg,tail_lamp,T
image/466.jpeg,glass_shatter,T
image/467.jpeg,door_dent,T
image/468.jpeg,door_dent,T
image/469.jpeg,tail_lamp,T
image/470.jpeg,tail_lamp,T
image/473.jpeg,tail_lamp,T
image/475.jpeg,door_dent,T
image/476.jpeg,bumper_scratch,T
image/477.jpeg,head_lamp,T
image/480.jpeg,door_dent,T
image/481.jpeg,tail_lamp,T
image/482.jpeg,glass_shatter,T
image/484.jpeg,glass_shatter,T
image/485.jpeg,glass_shatter,T
image/486.jpeg,door_scratch,T
image/487.jpeg,head_lamp,T
image/488.jpeg,head_lamp,T
image/489.jpeg,glass_shatter,T
image/490.jpeg,door_dent,T
image/492.jpeg,door_dent,T
image/493.jpeg,head_lamp,T
image/494.jpeg,door_dent,T
image/496.jpeg,glass_shatter,T
image/497.jpeg,bumper_dent,T
image/498.jpeg,head_lamp,T
image/499.jpeg,bumper_scratch,T
image/501.jpeg,door_scratch,T
image/504.jpeg,bumper_dent,T
image/506.jpeg,head_lamp,T
image/507.jpeg,glass_shatter,T
image/508.jpeg,bumper_scratch,T
image/509.jpeg,door_scratch,T
image/510.jpeg,door_scratch,T
image/512.jpeg,tail_lamp,T
image/513.jpeg,bumper_dent,T
image/514.jpeg,glass_shatter,T
image/516.jpeg,tail_lamp,T
image/517.jpeg,tail_lamp,T
image/518.jpeg,tail_lamp,T
image/519.jpeg,glass_shatter,T
image/520.jpeg,glass_shatter,T
image/521.jpeg,door_scratch,T
image/524.jpeg,glass_shatter,T
image/525.jpeg,door_scratch,T
image/526.jpeg,door_dent,T
image/527.jpeg,head_lamp,T
image/529.jpeg,door_scratch,T
image/531.jpeg,bumper_dent,T
image/533.jpeg,bumper_dent,T
image/534.jpeg,door_dent,T
image/535.jpeg,bumper_scratch,T
image/536.jpeg,head_lamp,T
image/537.jpeg,tail_lamp,T
image/540.jpeg,bumper_dent,T
image/547.jpeg,head_lamp,T
image/548.jpeg,tail_lamp,T
image/550.jpeg,door_dent,T
image/551.jpeg,door_dent,T
image/552.jpeg,head_lamp,T
image/554.jpeg,door_scratch,T
image/555.jpeg,glass_shatter,T
image/558.jpeg,door_dent,T
image/559.jpeg,door_scratch,T
image/560.jpeg,glass_shatter,T
image/561.jpeg,bumper_dent,T
image/562.jpeg,glass_shatter,T
image/564.jpeg,tail_lamp,T
image/566.jpeg,door_scratch,T
image/569.jpeg,glass_shatter,T
image/570.jpeg,head_lamp,T
image/572.jpeg,door_scratch,T
image/573.jpeg,bumper_scratch,T
image/574.jpeg,door_dent,T
image/575.jpeg,bumper_scratch,T
image/576.jpeg,bumper_dent,T
image/577.jpeg,glass_shatter,T
image/578.jpeg,bumper_dent,T
image/579.jpeg,head_lamp,T
image/580.jpeg,head_lamp,T
image/581.jpeg,bumper_dent,T
image/586.jpeg,bumper_dent,T
image/587.jpeg,tail_lamp,T
image/588.jpeg,door_dent,T
image/589.jpeg,bumper_scratch,T
image/590.jpeg,head_lamp,T
image/591.jpeg,head_lamp,T
image/592.jpeg,door_scratch,T
image/593.jpeg,door_scratch,T
image/594.jpeg,door_dent,T
image/595.jpeg,door_scratch,T
image/596.jpeg,glass_shatter,T
image/598.jpeg,bumper_dent,T
image/601.jpeg,door_dent,T
image/603.jpeg,head_lamp,T
image/607.jpeg,bumper_scratch,T
image/608.jpeg,door_scratch,T
image/609.jpeg,door_dent,T
image/611.jpeg,door_scratch,T
image/612.jpeg,tail_lamp,T
image/614.jpeg,tail_lamp,T
image/618.jpeg,bumper_scratch,T
image/621.jpeg,glass_shatter,T
image/622.jpeg,tail_lamp,T
image/623.jpeg,head_lamp,T
image/624.jpeg,door_scratch,T
image/626.jpeg,glass_shatter,T
image/627.jpeg,bumper_scratch,T
image/629.jpeg,bumper_dent,T
image/630.jpeg,door_scratch,T
image/631.jpeg,bumper_scratch,T
image/634.jpeg,head_lamp,T
image/635.jpeg,door_scratch,T
image/639.jpeg,glass_shatter,T
image/640.jpeg,door_scratch,T
image/641.jpeg,door_scratch,T
image/642.jpeg,bumper_dent,T
image/643.jpeg,door_dent,T
image/644.jpeg,tail_lamp,T
image/645.jpeg,tail_lamp,T
image/647.jpeg,tail_lamp,T
image/648.jpeg,bumper_scratch,T
image/649.jpeg,door_dent,T
image/650.jpeg,head_lamp,T
image/651.jpeg,tail_lamp,T
image/652.jpeg,glass_shatter,T
image/654.jpeg,bumper_dent,T
image/656.jpeg,head_lamp,T
image/657.jpeg,door_dent,T
image/659.jpeg,door_dent,T
image/662.jpeg,door_scratch,T
image/663.jpeg,glass_shatter,T
image/666.jpeg,bumper_dent,T
image/667.jpeg,bumper_dent,T
image/668.jpeg,head_lamp,T
image/669.jpeg,head_lamp,T
image/672.jpeg,head_lamp,T
image/673.jpeg,door_scratch,T
image/675.jpeg,door_dent,T
image/678.jpeg,glass_shatter,T
image/680.jpeg,bumper_dent,T
image/681.jpeg,head_lamp,T
image/682.jpeg,head_lamp,T
image/683.jpeg,glass_shatter,T
image/686.jpeg,head_lamp,T
image/687.jpeg,door_scratch,T
image/688.jpeg,glass_shatter,T
image/691.jpeg,tail_lamp,T
image/692.jpeg,tail_lamp,T
image/693.jpeg,bumper_dent,T
image/694.jpeg,tail_lamp,T
image/695.jpeg,tail_lamp,T
image/696.jpeg,head_lamp,T
image/697.jpeg,head_lamp,T
image/698.jpeg,door_dent,T
image/699.jpeg,head_lamp,T
image/701.jpeg,bumper_dent,T
image/702.jpeg,door_dent,T
image/703.jpeg,bumper_dent,T
image/704.jpeg,head_lamp,T
image/707.jpeg,tail_lamp,T
image/708.jpeg,door_scratch,T
image/711.jpeg,head_lamp,T
image/712.jpeg,glass_shatter,T
image/714.jpeg,bumper_scratch,T
image/716.jpeg,tail_lamp,T
image/718.jpeg,tail_lamp,T
image/719.jpeg,door_dent,T
image/720.jpeg,door_dent,T
image/721.jpeg,door_dent,T
image/723.jpeg,tail_lamp,T
image/724.jpeg,glass_shatter,T
image/725.jpeg,door_scratch,T
image/727.jpeg,tail_lamp,T
image/728.jpeg,bumper_scratch,T
image/729.jpeg,door_scratch,T
image/730.jpeg,bumper_dent,T
image/733.jpeg,door_dent,T
image/734.jpeg,head_lamp,T
image/735.jpeg,door_scratch,T
image/736.jpeg,bumper_scratch,T
image/737.jpeg,door_dent,T
image/739.jpeg,door_dent,T
image/740.jpeg,door_scratch,T
image/742.jpeg,door_dent,T
image/745.jpeg,door_dent,T
image/747.jpeg,door_dent,T
image/748.jpeg,bumper_scratch,T
image/754.jpeg,glass_shatter,T
image/758.jpeg,bumper_scratch,T
image/760.jpeg,tail_lamp,T
image/761.jpeg,glass_shatter,T
image/762.jpeg,door_dent,T
image/764.jpeg,bumper_scratch,T
image/765.jpeg,bumper_dent,T
image/766.jpeg,door_dent,T
image/767.jpeg,bumper_dent,T
image/769.jpeg,glass_shatter,T
image/770.jpeg,head_lamp,T
image/773.jpeg,head_lamp,T
image/774.jpeg,tail_lamp,T
image/775.jpeg,door_scratch,T
image/776.jpeg,bumper_scratch,T
image/777.jpeg,head_lamp,T
image/778.jpeg,head_lamp,T
image/779.jpeg,glass_shatter,T
image/781.jpeg,bumper_scratch,T
image/782.jpeg,door_dent,T
image/784.jpeg,bumper_scratch,T
image/785.jpeg,bumper_scratch,T
image/786.jpeg,door_dent,T
image/787.jpeg,head_lamp,T
image/788.jpeg,door_dent,T
image/789.jpeg,glass_shatter,T
image/790.jpeg,tail_lamp,T
image/792.jpeg,door_dent,T
image/794.jpeg,door_dent,T
image/795.jpeg,door_scratch,T
image/797.jpeg,head_lamp,T
image/799.jpeg,door_dent,T
image/800.jpeg,head_lamp,T
image/801.jpeg,tail_lamp,T
image/802.jpeg,bumper_dent,T
image/804.jpeg,door_dent,T
image/807.jpeg,tail_lamp,T
image/809.jpeg,door_scratch,T
image/810.jpeg,glass_shatter,T
image/811.jpeg,door_dent,T
image/812.jpeg,door_dent,T
image/813.jpeg,bumper_scratch,T
image/814.jpeg,bumper_dent,T
image/815.jpeg,bumper_dent,T
image/816.jpeg,bumper_scratch,T
image/817.jpeg,tail_lamp,T
image/818.jpeg,bumper_scratch,T
image/820.jpeg,door_dent,T
image/821.jpeg,glass_shatter,T
image/823.jpeg,head_lamp,T
image/825.jpeg,glass_shatter,T
image/828.jpeg,door_dent,T
image/829.jpeg,door_scratch,T
image/831.jpeg,door_scratch,T
image/832.jpeg,glass_shatter,T
image/833.jpeg,door_dent,T
image/834.jpeg,head_lamp,T
image/835.jpeg,glass_shatter,T
image/836.jpeg,tail_lamp,T
image/837.jpeg,bumper_dent,T
image/840.jpeg,tail_lamp,T
image/842.jpeg,glass_shatter,T
image/843.jpeg,glass_shatter,T
image/844.jpeg,door_dent,T
image/846.jpeg,door_dent,T
image/847.jpeg,head_lamp,T
image/848.jpeg,door_dent,T
image/849.jpeg,door_dent,T
image/850.jpeg,door_scratch,T
image/854.jpeg,door_scratch,T
image/856.jpeg,head_lamp,T
image/857.jpeg,tail_lamp,T
image/858.jpeg,glass_shatter,T
image/860.jpeg,door_dent,T
image/861.jpeg,door_scratch,T
image/862.jpeg,head_lamp,T
image/863.jpeg,head_lamp,T
image/865.jpeg,head_lamp,T
image/866.jpeg,bumper_scratch,T
image/867.jpeg,glass_shatter,T
image/868.jpeg,door_scratch,T
image/869.jpeg,door_scratch,T
image/870.jpeg,tail_lamp,T
image/873.jpeg,door_scratch,T
image/874.jpeg,bumper_dent,T
image/875.jpeg,bumper_scratch,T
image/876.jpeg,tail_lamp,T
image/879.jpeg,door_scratch,T
image/881.jpeg,door_dent,T
image/882.jpeg,bumper_dent,T
image/883.jpeg,door_scratch,T
image/884.jpeg,bumper_dent,T
image/885.jpeg,tail_lamp,T
image/887.jpeg,head_lamp,T
image/888.jpeg,bumper_dent,T
image/890.jpeg,door_dent,T
image/891.jpeg,door_scratch,T
image/892.jpeg,glass_shatter,T
image/893.jpeg,tail_lamp,T
image/894.jpeg,tail_lamp,T
image/895.jpeg,head_lamp,T
image/897.jpeg,door_dent,T
image/898.jpeg,door_dent,T
image/899.jpeg,tail_lamp,T
image/900.jpeg,door_dent,T
image/901.jpeg,head_lamp,T
image/902.jpeg,tail_lamp,T
image/903.jpeg,tail_lamp,T
image/905.jpeg,tail_lamp,T
image/906.jpeg,head_lamp,T
image/907.jpeg,bumper_scratch,T
image/909.jpeg,door_dent,T
image/911.jpeg,glass_shatter,T
image/914.jpeg,bumper_dent,T
image/915.jpeg,bumper_dent,T
image/916.jpeg,bumper_dent,T
image/920.jpeg,bumper_scratch,T
image/921.jpeg,glass_shatter,T
image/923.jpeg,door_scratch,T
image/925.jpeg,door_dent,T
image/926.jpeg,door_scratch,T
image/932.jpeg,door_scratch,T
image/933.jpeg,door_dent,T
image/934.jpeg,bumper_scratch,T
image/941.jpeg,door_dent,T
image/943.jpeg,door_scratch,T
image/945.jpeg,door_scratch,T
image/946.jpeg,door_dent,T
image/947.jpeg,door_scratch,T
image/948.jpeg,bumper_dent,T
image/950.jpeg,bumper_dent,T
image/953.jpeg,door_dent,T
image/955.jpeg,door_dent,T
image/956.jpeg,door_scratch,T
image/958.jpeg,bumper_scratch,T
image/959.jpeg,bumper_scratch,T
image/960.jpeg,bumper_scratch,T
image/961.jpeg,tail_lamp,T
image/962.jpeg,bumper_dent,T
image/965.jpeg,door_dent,T
image/966.jpeg,bumper_dent,T
image/968.jpeg,tail_lamp,T
image/969.jpeg,bumper_scratch,T
image/974.jpeg,tail_lamp,T
image/976.jpeg,door_dent,T
image/977.jpeg,bumper_dent,T
image/979.jpeg,door_dent,T
image/982.jpeg,tail_lamp,T
image/983.jpeg,tail_lamp,T
image/984.jpeg,head_lamp,T
image/986.jpeg,bumper_dent,T
image/987.jpeg,door_dent,T
image/988.jpeg,head_lamp,T
image/989.jpeg,glass_shatter,T
image/991.jpeg,bumper_dent,T
image/993.jpeg,head_lamp,T
image/995.jpeg,glass_shatter,T
image/996.jpeg,bumper_dent,T
image/997.jpeg,tail_lamp,T
image/998.jpeg,door_dent,T
image/1000.jpeg,door_scratch,T
image/1001.jpeg,door_scratch,T
image/1002.jpeg,bumper_dent,T
image/1004.jpeg,tail_lamp,T
image/1005.jpeg,door_dent,T
image/1006.jpeg,bumper_dent,T
image/1007.jpeg,glass_shatter,T
image/1008.jpeg,bumper_scratch,T
image/1009.jpeg,head_lamp,T
image/1010.jpeg,glass_shatter,T
image/1011.jpeg,door_scratch,T
image/1012.jpeg,door_scratch,T
image/1013.jpeg,door_dent,T
image/1015.jpeg,door_dent,T
image/1017.jpeg,bumper_dent,T
image/1018.jpeg,tail_lamp,T
image/1019.jpeg,tail_lamp,T
image/1020.jpeg,bumper_dent,T
image/1021.jpeg,door_scratch,T
image/1022.jpeg,head_lamp,T
image/1023.jpeg,door_scratch,T
image/1024.jpeg,door_scratch,T
image/1025.jpeg,bumper_scratch,T
image/1026.jpeg,glass_shatter,T
image/1028.jpeg,tail_lamp,T
image/1032.jpeg,glass_shatter,T
image/1033.jpeg,door_dent,T
image/1034.jpeg,tail_lamp,T
image/1035.jpeg,glass_shatter,T
image/1038.jpeg,door_scratch,T
image/1039.jpeg,tail_lamp,T
image/1042.jpeg,door_scratch,T
image/1043.jpeg,door_dent,T
image/1044.jpeg,head_lamp,T
image/1045.jpeg,glass_shatter,T
image/1047.jpeg,door_scratch,T
image/1048.jpeg,door_dent,T
image/1049.jpeg,glass_shatter,T
image/1055.jpeg,bumper_dent,T
image/1057.jpeg,door_dent,T
image/1058.jpeg,bumper_dent,T
image/1060.jpeg,tail_lamp,T
image/1065.jpeg,bumper_scratch,T
image/1068.jpeg,bumper_dent,T
image/1069.jpeg,door_scratch,T
image/1070.jpeg,glass_shatter,T
image/1072.jpeg,head_lamp,T
image/1073.jpeg,glass_shatter,T
image/1075.jpeg,bumper_dent,T
image/1079.jpeg,bumper_dent,T
image/1081.jpeg,glass_shatter,T
image/1082.jpeg,door_scratch,T
image/1084.jpeg,tail_lamp,T
image/1085.jpeg,tail_lamp,T
image/1086.jpeg,door_dent,T
image/1087.jpeg,tail_lamp,T
image/1088.jpeg,tail_lamp,T
image/1089.jpeg,door_dent,T
image/1090.jpeg,door_dent,T
image/1091.jpeg,glass_shatter,T
image/1092.jpeg,bumper_dent,T
image/1093.jpeg,tail_lamp,T
image/1095.jpeg,door_scratch,T
image/1097.jpeg,glass_shatter,T
image/1099.jpeg,door_dent,T
image/1100.jpeg,tail_lamp,T
image/1101.jpeg,glass_shatter,T
image/1103.jpeg,door_dent,T
image/1106.jpeg,door_scratch,T
image/1107.jpeg,head_lamp,T
image/1109.jpeg,head_lamp,T
image/1110.jpeg,door_scratch,T
image/1111.jpeg,glass_shatter,T
image/1113.jpeg,tail_lamp,T
image/1114.jpeg,door_scratch,T
image/1116.jpeg,glass_shatter,T
image/1119.jpeg,door_scratch,T
image/1120.jpeg,bumper_dent,T
image/1122.jpeg,door_dent,T
image/1123.jpeg,head_lamp,T
image/1125.jpeg,bumper_dent,T
image/1127.jpeg,tail_lamp,T
image/1128.jpeg,door_scratch,T
image/1129.jpeg,glass_shatter,T
image/1131.jpeg,tail_lamp,T
image/1134.jpeg,bumper_scratch,T
image/1135.jpeg,bumper_dent,T
image/1136.jpeg,tail_lamp,T
image/1137.jpeg,door_scratch,T
image/1138.jpeg,door_dent,T
image/1139.jpeg,door_scratch,T
image/1140.jpeg,head_lamp,T
image/1141.jpeg,door_scratch,T
image/1144.jpeg,head_lamp,T
image/1145.jpeg,door_scratch,T
image/1146.jpeg,bumper_dent,T
image/1147.jpeg,door_scratch,T
image/1151.jpeg,tail_lamp,T
image/1152.jpeg,bumper_scratch,T
image/1153.jpeg,door_scratch,T
image/1154.jpeg,door_dent,T
image/1155.jpeg,door_dent,T
image/1158.jpeg,head_lamp,T
image/1162.jpeg,bumper_dent,T
image/1163.jpeg,glass_shatter,T
image/1165.jpeg,door_scratch,T
image/1166.jpeg,bumper_dent,T
image/1171.jpeg,bumper_dent,T
image/1172.jpeg,glass_shatter,T
image/1173.jpeg,door_dent,T
image/1174.jpeg,tail_lamp,T
image/1177.jpeg,head_lamp,T
image/1179.jpeg,head_lamp,T
image/1180.jpeg,door_scratch,T
image/1185.jpeg,bumper_scratch,T
image/1186.jpeg,bumper_dent,T
image/1187.jpeg,door_dent,T
image/1189.jpeg,bumper_dent,T
image/1191.jpeg,tail_lamp,T
image/1192.jpeg,door_scratch,T
image/1195.jpeg,tail_lamp,T
image/1196.jpeg,tail_lamp,T
image/1198.jpeg,bumper_dent,T
image/1199.jpeg,door_dent,T
image/1200.jpeg,glass_shatter,T
image/1201.jpeg,tail_lamp,T
image/1203.jpeg,door_dent,T
image/1205.jpeg,door_dent,T
image/1209.jpeg,bumper_dent,V
image/1213.jpeg,door_scratch,V
image/1214.jpeg,glass_shatter,V
image/1216.jpeg,door_dent,V
image/1217.jpeg,door_dent,V
image/1219.jpeg,door_dent,V
image/1220.jpeg,door_dent,V
image/1221.jpeg,head_lamp,V
image/1222.jpeg,door_scratch,V
image/1223.jpeg,tail_lamp,V
image/1224.jpeg,glass_shatter,V
image/1225.jpeg,door_dent,V
image/1226.jpeg,glass_shatter,V
image/1227.jpeg,door_scratch,V
image/1229.jpeg,bumper_scratch,V
image/1230.jpeg,tail_lamp,V
image/1231.jpeg,bumper_dent,V
image/1235.jpeg,bumper_scratch,V
image/1238.jpeg,door_scratch,V
image/1240.jpeg,tail_lamp,V
image/1241.jpeg,door_dent,V
image/1242.jpeg,door_scratch,V
image/1243.jpeg,glass_shatter,V
image/1244.jpeg,door_scratch,V
image/1245.jpeg,door_dent,V
image/1248.jpeg,bumper_scratch,V
image/1249.jpeg,head_lamp,V
image/1251.jpeg,tail_lamp,V
image/1253.jpeg,door_dent,V
image/1256.jpeg,tail_lamp,V
image/1258.jpeg,head_lamp,V
image/1259.jpeg,bumper_dent,V
image/1260.jpeg,head_lamp,V
image/1261.jpeg,head_lamp,V
image/1262.jpeg,tail_lamp,V
image/1266.jpeg,tail_lamp,V
image/1267.jpeg,head_lamp,V
image/1269.jpeg,tail_lamp,V
image/1271.jpeg,bumper_dent,V
image/1272.jpeg,door_dent,V
image/1274.jpeg,head_lamp,V
image/1275.jpeg,tail_lamp,V
image/1276.jpeg,door_dent,V
image/1277.jpeg,bumper_scratch,V
image/1279.jpeg,door_dent,V
image/1281.jpeg,door_scratch,V
image/1283.jpeg,tail_lamp,V
image/1284.jpeg,door_dent,V
image/1287.jpeg,door_scratch,V
image/1289.jpeg,glass_shatter,V
image/1290.jpeg,head_lamp,V
image/1291.jpeg,door_dent,V
image/1292.jpeg,head_lamp,V
image/1297.jpeg,tail_lamp,V
image/1298.jpeg,door_scratch,V
image/1300.jpeg,glass_shatter,V
image/1301.jpeg,bumper_dent,V
image/1303.jpeg,glass_shatter,V
image/1305.jpeg,door_scratch,V
image/1306.jpeg,head_lamp,V
image/1307.jpeg,tail_lamp,V
image/1308.jpeg,bumper_scratch,V
image/1309.jpeg,bumper_dent,V
image/1310.jpeg,bumper_scratch,V
image/1313.jpeg,glass_shatter,V
image/1314.jpeg,bumper_dent,V
image/1315.jpeg,door_dent,V
image/1316.jpeg,head_lamp,V
image/1317.jpeg,tail_lamp,V
image/1318.jpeg,bumper_dent,V
image/1320.jpeg,bumper_dent,V
image/1323.jpeg,door_scratch,V
image/1324.jpeg,bumper_dent,V
image/1325.jpeg,glass_shatter,V
image/1327.jpeg,door_dent,V
image/1329.jpeg,door_scratch,V
image/1331.jpeg,glass_shatter,V
image/1332.jpeg,bumper_dent,V
image/1333.jpeg,tail_lamp,V
image/1335.jpeg,door_scratch,V
image/1336.jpeg,bumper_scratch,V
image/1338.jpeg,glass_shatter,V
image/1339.jpeg,bumper_scratch,V
image/1340.jpeg,bumper_dent,V
image/1341.jpeg,door_scratch,V
image/1343.jpeg,door_dent,V
image/1345.jpeg,glass_shatter,V
image/1346.jpeg,head_lamp,V
image/1347.jpeg,door_dent,V
image/1348.jpeg,head_lamp,V
image/1349.jpeg,door_scratch,V
image/1350.jpeg,door_dent,V
image/1351.jpeg,glass_shatter,V
image/1352.jpeg,door_dent,V
image/1353.jpeg,door_dent,V
image/1355.jpeg,bumper_scratch,V
image/1356.jpeg,bumper_dent,V
image/1358.jpeg,bumper_dent,V
image/1359.jpeg,bumper_dent,V
image/1360.jpeg,door_dent,V
image/1362.jpeg,glass_shatter,V
image/1364.jpeg,bumper_dent,V
image/1365.jpeg,bumper_dent,V
image/1366.jpeg,bumper_scratch,V
image/1367.jpeg,door_scratch,V
image/1370.jpeg,head_lamp,V
image/1372.jpeg,glass_shatter,V
image/1373.jpeg,bumper_dent,V
image/1377.jpeg,head_lamp,V
image/1378.jpeg,bumper_dent,V
image/1379.jpeg,door_scratch,V
image/1380.jpeg,tail_lamp,V
image/1381.jpeg,door_dent,V
image/1384.jpeg,glass_shatter,V
image/1385.jpeg,door_scratch,V
image/1386.jpeg,door_dent,V
image/1389.jpeg,bumper_dent,V
image/1391.jpeg,glass_shatter,V
image/1392.jpeg,bumper_scratch,V
image/1394.jpeg,door_dent,V
image/1395.jpeg,door_scratch,V
image/1396.jpeg,glass_shatter,V
image/1397.jpeg,door_dent,V
image/1399.jpeg,bumper_scratch,V
image/1400.jpeg,tail_lamp,V
image/1401.jpeg,door_scratch,V
image/1402.jpeg,door_dent,V
image/1405.jpeg,glass_shatter,V
image/1406.jpeg,tail_lamp,V
image/1408.jpeg,head_lamp,V
image/1411.jpeg,door_dent,V
image/1413.jpeg,door_scratch,V
image/1414.jpeg,bumper_dent,V
image/1415.jpeg,bumper_dent,V
image/1416.jpeg,bumper_dent,V
image/1418.jpeg,door_dent,V
image/1419.jpeg,door_dent,V
image/1424.jpeg,bumper_dent,V
image/1425.jpeg,tail_lamp,V
image/1427.jpeg,tail_lamp,V
image/1429.jpeg,door_dent,V
image/1430.jpeg,tail_lamp,V
image/1431.jpeg,bumper_scratch,V
image/1432.jpeg,door_scratch,V
image/1434.jpeg,door_dent,V
image/1436.jpeg,door_dent,V
image/1437.jpeg,bumper_scratch,V
image/1438.jpeg,door_scratch,V
image/1439.jpeg,door_dent,V
image/1442.jpeg,glass_shatter,V
image/1444.jpeg,head_lamp,V
image/1445.jpeg,tail_lamp,V
image/1446.jpeg,tail_lamp,V
image/1447.jpeg,head_lamp,V
image/1448.jpeg,glass_shatter,V
image/1449.jpeg,door_scratch,V
image/1450.jpeg,door_scratch,V
image/1451.jpeg,glass_shatter,V
image/1452.jpeg,head_lamp,V
image/1453.jpeg,door_dent,V
image/1457.jpeg,door_scratch,V
image/1458.jpeg,glass_shatter,V
image/1459.jpeg,door_dent,V
image/1460.jpeg,door_scratch,V
image/1462.jpeg,door_dent,V
image/1463.jpeg,head_lamp,V
image/1465.jpeg,head_lamp,V
image/1466.jpeg,head_lamp,V
image/1468.jpeg,head_lamp,V
image/1469.jpeg,head_lamp,V
image/1472.jpeg,head_lamp,V
image/1473.jpeg,glass_shatter,V
image/1475.jpeg,bumper_dent,V
image/1476.jpeg,tail_lamp,V
image/1478.jpeg,bumper_dent,V
image/1481.jpeg,door_scratch,V
image/1482.jpeg,tail_lamp,V
image/1484.jpeg,door_dent,V
image/1485.jpeg,door_dent,V
image/1490.jpeg,glass_shatter,V
image/1493.jpeg,head_lamp,V
image/1495.jpeg,door_scratch,V
image/1497.jpeg,bumper_scratch,V
image/1498.jpeg,head_lamp,V
image/1499.jpeg,door_scratch,V
image/1500.jpeg,bumper_scratch,V
image/1501.jpeg,door_dent,V
image/1502.jpeg,tail_lamp,V
image/1503.jpeg,tail_lamp,V
image/1504.jpeg,tail_lamp,V
image/1506.jpeg,door_scratch,V
image/1508.jpeg,glass_shatter,V
image/1511.jpeg,glass_shatter,V
